station_id,name,lat,lon,capacity
1,Estación 01,19.405152,-99.18552,25
2,Estación 02,19.40547,-99.179976,36
3,Estación 03,19.404349,-99.172936,32
4,Estación 04,19.404992,-99.167427,34
5,Estación 05,19.40544,-99.160611,34
6,Estación 06,19.411564,-99.184766,31
7,Estación 07,19.41057,-99.178816,37
8,Estación 08,19.411439,-99.173025,16
9,Estación 09,19.410908,-99.16734,16
10,Estación 10,19.410923,-99.161214,39
11,Estación 11,19.416824,-99.184734,27
12,Estación 12,19.417206,-99.178785,16
13,Estación 13,19.418071,-99.173203,25
14,Estación 14,19.416593,-99.166692,23
15,Estación 15,19.417564,-99.161057,32
16,Estación 16,19.422588,-99.184675,26
17,Estación 17,19.423372,-99.178728,34
18,Estación 18,19.423116,-99.172942,35
19,Estación 19,19.423109,-99.166564,30
20,Estación 20,19.423339,-99.160966,18
21,Estación 21,19.429145,-99.184684,26
22,Estación 22,19.42884,-99.179235,32
23,Estación 23,19.428681,-99.173138,21
24,Estación 24,19.428567,-99.166516,17
